channel,model,task,threshold,strategy,n_raw,n_retained,retention_pct,precision,recall,f1,retained_tp,retained_fp,oracle_preserved,oracle_size,n_gold_pos,tp,fp,fn,tn
CNN,gemma_4_31b,logo,3,first,32953,13588,41.2345,0.4884,1.0,0.6562,21,22,118,118,169,,,,
CNN,gemma_4_31b,logo,3,middle,32953,13588,41.2345,0.4884,1.0,0.6562,21,22,118,118,169,,,,
CNN,gemma_4_31b,logo,3,last,32953,13588,41.2345,0.5,1.0,0.6667,21,21,118,118,169,,,,
CNN,gemma_4_31b,logo,4,first,32953,12250,37.1742,0.5,1.0,0.6667,20,20,118,118,169,,,,
CNN,gemma_4_31b,logo,4,middle,32953,12250,37.1742,0.5,1.0,0.6667,20,20,118,118,169,,,,
CNN,gemma_4_31b,logo,4,last,32953,12250,37.1742,0.5,1.0,0.6667,20,20,118,118,169,,,,
CNN,gemma_4_31b,logo,5,first,32953,11357,34.4642,0.4872,1.0,0.6552,19,20,118,118,169,,,,
CNN,gemma_4_31b,logo,5,middle,32953,11357,34.4642,0.4872,1.0,0.6552,19,20,118,118,169,,,,
CNN,gemma_4_31b,logo,5,last,32953,11357,34.4642,0.4872,1.0,0.6552,19,20,118,118,169,,,,
CNN,gemma_4_31b,screenshot,3,first,32953,13588,41.2345,0.5294,1.0,0.6923,18,16,114,114,174,,,,
CNN,gemma_4_31b,screenshot,3,middle,32953,13588,41.2345,0.5455,1.0,0.7059,18,15,114,114,174,,,,
CNN,gemma_4_31b,screenshot,3,last,32953,13588,41.2345,0.5455,1.0,0.7059,18,15,114,114,174,,,,
CNN,gemma_4_31b,screenshot,4,first,32953,12250,37.1742,0.5161,1.0,0.6809,16,15,114,114,174,,,,
CNN,gemma_4_31b,screenshot,4,middle,32953,12250,37.1742,0.5517,1.0,0.7111,16,13,114,114,174,,,,
CNN,gemma_4_31b,screenshot,4,last,32953,12250,37.1742,0.5333,1.0,0.6957,16,14,114,114,174,,,,
CNN,gemma_4_31b,screenshot,5,first,32953,11357,34.4642,0.5714,1.0,0.7273,16,12,114,114,174,,,,
CNN,gemma_4_31b,screenshot,5,middle,32953,11357,34.4642,0.5333,1.0,0.6957,16,14,114,114,174,,,,
CNN,gemma_4_31b,screenshot,5,last,32953,11357,34.4642,0.5333,1.0,0.6957,16,14,114,114,174,,,,
CNN,gemma_4_31b,combined,3,first,32953,13588,41.2345,0.4032,1.0,0.5747,25,37,142,142,182,,,,
CNN,gemma_4_31b,combined,3,middle,32953,13588,41.2345,0.4098,1.0,0.5814,25,36,142,142,182,,,,
CNN,gemma_4_31b,combined,3,last,32953,13588,41.2345,0.4098,1.0,0.5814,25,36,142,142,182,,,,
CNN,gemma_4_31b,combined,4,first,32953,12250,37.1742,0.4035,1.0,0.575,23,34,142,142,182,,,,
CNN,gemma_4_31b,combined,4,middle,32953,12250,37.1742,0.4182,1.0,0.5897,23,32,142,142,182,,,,
CNN,gemma_4_31b,combined,4,last,32953,12250,37.1742,0.4035,1.0,0.575,23,34,142,142,182,,,,
CNN,gemma_4_31b,combined,5,first,32953,11357,34.4642,0.4151,1.0,0.5867,22,31,142,142,182,,,,
CNN,gemma_4_31b,combined,5,middle,32953,11357,34.4642,0.4,1.0,0.5714,22,33,142,142,182,,,,
CNN,gemma_4_31b,combined,5,last,32953,11357,34.4642,0.3929,1.0,0.5641,22,34,142,142,182,,,,
CNN,qwen38_27b,logo,3,first,32953,13588,41.2345,0.5,0.9286,0.65,13,13,52,56,169,,,,
CNN,qwen38_27b,logo,3,middle,32953,13588,41.2345,0.5,0.8929,0.641,13,13,50,56,169,,,,
CNN,qwen38_27b,logo,3,last,32953,13588,41.2345,0.5,0.9464,0.6543,13,13,53,56,169,,,,
CNN,qwen38_27b,logo,4,first,32953,12250,37.1742,0.5417,0.9821,0.6982,13,11,55,56,169,,,,
CNN,qwen38_27b,logo,4,middle,32953,12250,37.1742,0.5,0.7857,0.6111,11,11,44,56,169,,,,
CNN,qwen38_27b,logo,4,last,32953,12250,37.1742,0.5,0.9464,0.6543,12,12,53,56,169,,,,
CNN,qwen38_27b,logo,5,first,32953,11357,34.4642,0.5217,0.9821,0.6815,12,11,55,56,169,,,,
CNN,qwen38_27b,logo,5,middle,32953,11357,34.4642,0.4762,0.7857,0.593,10,11,44,56,169,,,,
CNN,qwen38_27b,logo,5,last,32953,11357,34.4642,0.4783,0.9464,0.6354,11,12,53,56,169,,,,
CNN,qwen38_27b,screenshot,3,first,32953,13588,41.2345,0.85,1.0,0.9189,17,3,113,113,174,,,,
CNN,qwen38_27b,screenshot,3,middle,32953,13588,41.2345,0.85,1.0,0.9189,17,3,113,113,174,,,,
CNN,qwen38_27b,screenshot,3,last,32953,13588,41.2345,0.8095,1.0,0.8947,17,4,113,113,174,,,,
CNN,qwen38_27b,screenshot,4,first,32953,12250,37.1742,0.8333,1.0,0.9091,15,3,113,113,174,,,,
CNN,qwen38_27b,screenshot,4,middle,32953,12250,37.1742,0.8333,1.0,0.9091,15,3,113,113,174,,,,
CNN,qwen38_27b,screenshot,4,last,32953,12250,37.1742,0.7895,1.0,0.8824,15,4,113,113,174,,,,
CNN,qwen38_27b,screenshot,5,first,32953,11357,34.4642,0.8333,1.0,0.9091,15,3,113,113,174,,,,
CNN,qwen38_27b,screenshot,5,middle,32953,11357,34.4642,0.8333,1.0,0.9091,15,3,113,113,174,,,,
CNN,qwen38_27b,screenshot,5,last,32953,11357,34.4642,0.7895,1.0,0.8824,15,4,113,113,174,,,,
CNN,qwen38_27b,combined,3,first,32953,13588,41.2345,0.5789,0.9922,0.7312,22,16,127,128,182,,,,
CNN,qwen38_27b,combined,3,middle,32953,13588,41.2345,0.5676,0.9531,0.7115,21,16,122,128,182,,,,
CNN,qwen38_27b,combined,3,last,32953,13588,41.2345,0.5526,0.9766,0.7058,21,17,125,128,182,,,,
CNN,qwen38_27b,combined,4,first,32953,12250,37.1742,0.5882,0.9922,0.7386,20,14,127,128,182,,,,
CNN,qwen38_27b,combined,4,middle,32953,12250,37.1742,0.5758,0.9531,0.7179,19,14,122,128,182,,,,
CNN,qwen38_27b,combined,4,last,32953,12250,37.1742,0.5429,0.9766,0.6978,19,16,125,128,182,,,,
CNN,qwen38_27b,combined,5,first,32953,11357,34.4642,0.5758,0.9922,0.7287,19,14,127,128,182,,,,
CNN,qwen38_27b,combined,5,middle,32953,11357,34.4642,0.5625,0.9531,0.7075,18,14,122,128,182,,,,
CNN,qwen38_27b,combined,5,last,32953,11357,34.4642,0.5294,0.9766,0.6866,18,16,125,128,182,,,,
FOXNEWS,gemma_4_31b,logo,3,first,54920,23430,42.6621,0.6382,0.9389,0.7599,194,110,615,655,728,,,,
FOXNEWS,gemma_4_31b,logo,3,middle,54920,23430,42.6621,0.6602,0.9863,0.7909,204,105,646,655,728,,,,
FOXNEWS,gemma_4_31b,logo,3,last,54920,23430,42.6621,0.6523,0.9496,0.7734,197,105,622,655,728,,,,
FOXNEWS,gemma_4_31b,logo,4,first,54920,21082,38.3867,0.6353,0.9176,0.7508,169,97,601,655,728,,,,
FOXNEWS,gemma_4_31b,logo,4,middle,54920,21082,38.3867,0.6484,0.9771,0.7795,177,96,640,655,728,,,,
FOXNEWS,gemma_4_31b,logo,4,last,54920,21082,38.3867,0.6347,0.9374,0.7569,172,99,614,655,728,,,,
FOXNEWS,gemma_4_31b,logo,5,first,54920,19468,35.4479,0.625,0.913,0.742,150,90,598,655,728,,,,
FOXNEWS,gemma_4_31b,logo,5,middle,54920,19468,35.4479,0.6408,0.9649,0.7701,157,88,632,655,728,,,,
FOXNEWS,gemma_4_31b,logo,5,last,54920,19468,35.4479,0.6245,0.9267,0.7462,153,92,607,655,728,,,,
FOXNEWS,gemma_4_31b,screenshot,3,first,54920,23430,42.6621,0.8222,0.9932,0.8997,111,24,293,295,538,,,,
FOXNEWS,gemma_4_31b,screenshot,3,middle,54920,23430,42.6621,0.8284,0.9966,0.9047,111,23,294,295,538,,,,
FOXNEWS,gemma_4_31b,screenshot,3,last,54920,23430,42.6621,0.8271,0.9864,0.8998,110,23,291,295,538,,,,
FOXNEWS,gemma_4_31b,screenshot,4,first,54920,21082,38.3867,0.8291,0.9661,0.8923,97,20,285,295,538,,,,
FOXNEWS,gemma_4_31b,screenshot,4,middle,54920,21082,38.3867,0.8291,0.9797,0.8981,97,20,289,295,538,,,,
FOXNEWS,gemma_4_31b,screenshot,4,last,54920,21082,38.3867,0.8291,0.9797,0.8981,97,20,289,295,538,,,,
FOXNEWS,gemma_4_31b,screenshot,5,first,54920,19468,35.4479,0.8476,0.9661,0.903,89,16,285,295,538,,,,
FOXNEWS,gemma_4_31b,screenshot,5,middle,54920,19468,35.4479,0.8302,0.9763,0.8973,88,18,288,295,538,,,,
FOXNEWS,gemma_4_31b,screenshot,5,last,54920,19468,35.4479,0.8224,0.9763,0.8928,88,19,288,295,538,,,,
FOXNEWS,gemma_4_31b,combined,3,first,54920,23430,42.6621,0.75,0.9604,0.8422,291,97,824,858,1087,,,,
FOXNEWS,gemma_4_31b,combined,3,middle,54920,23430,42.6621,0.7647,0.9779,0.8582,299,92,839,858,1087,,,,
FOXNEWS,gemma_4_31b,combined,3,last,54920,23430,42.6621,0.7624,0.9534,0.8473,292,91,818,858,1087,,,,
FOXNEWS,gemma_4_31b,combined,4,first,54920,21082,38.3867,0.75,0.9464,0.8368,255,85,812,858,1087,,,,
FOXNEWS,gemma_4_31b,combined,4,middle,54920,21082,38.3867,0.7543,0.9674,0.8477,261,85,830,858,1087,,,,
FOXNEWS,gemma_4_31b,combined,4,last,54920,21082,38.3867,0.7464,0.9417,0.8327,256,87,808,858,1087,,,,
FOXNEWS,gemma_4_31b,combined,5,first,54920,19468,35.4479,0.7468,0.9429,0.8334,230,78,809,858,1087,,,,
FOXNEWS,gemma_4_31b,combined,5,middle,54920,19468,35.4479,0.7476,0.9569,0.8394,234,79,821,858,1087,,,,
FOXNEWS,gemma_4_31b,combined,5,last,54920,19468,35.4479,0.7372,0.9324,0.8234,230,82,800,858,1087,,,,
FOXNEWS,qwen38_27b,logo,3,first,54920,23430,42.6621,0.8072,0.9574,0.8759,134,32,450,470,728,,,,
FOXNEWS,qwen38_27b,logo,3,middle,54920,23430,42.6621,0.8253,0.9851,0.8982,137,29,463,470,728,,,,
FOXNEWS,qwen38_27b,logo,3,last,54920,23430,42.6621,0.8323,0.9894,0.9041,139,28,465,470,728,,,,
FOXNEWS,qwen38_27b,logo,4,first,54920,21082,38.3867,0.8121,0.9574,0.8788,121,28,450,470,728,,,,
FOXNEWS,qwen38_27b,logo,4,middle,54920,21082,38.3867,0.8278,0.9915,0.9023,125,26,466,470,728,,,,
FOXNEWS,qwen38_27b,logo,4,last,54920,21082,38.3867,0.8224,0.9851,0.8964,125,27,463,470,728,,,,
FOXNEWS,qwen38_27b,logo,5,first,54920,19468,35.4479,0.8029,0.9553,0.8725,110,27,449,470,728,,,,
FOXNEWS,qwen38_27b,logo,5,middle,54920,19468,35.4479,0.8102,0.9723,0.8839,111,26,457,470,728,,,,
FOXNEWS,qwen38_27b,logo,5,last,54920,19468,35.4479,0.8116,0.9702,0.8838,112,26,456,470,728,,,,
FOXNEWS,qwen38_27b,screenshot,3,first,54920,23430,42.6621,0.975,1.0,0.9873,39,1,177,177,538,,,,
FOXNEWS,qwen38_27b,screenshot,3,middle,54920,23430,42.6621,0.975,1.0,0.9873,39,1,177,177,538,,,,
FOXNEWS,qwen38_27b,screenshot,3,last,54920,23430,42.6621,0.975,1.0,0.9873,39,1,177,177,538,,,,
FOXNEWS,qwen38_27b,screenshot,4,first,54920,21082,38.3867,0.9714,1.0,0.9855,34,1,177,177,538,,,,
FOXNEWS,qwen38_27b,screenshot,4,middle,54920,21082,38.3867,0.9714,1.0,0.9855,34,1,177,177,538,,,,
FOXNEWS,qwen38_27b,screenshot,4,last,54920,21082,38.3867,0.9714,1.0,0.9855,34,1,177,177,538,,,,
FOXNEWS,qwen38_27b,screenshot,5,first,54920,19468,35.4479,0.9688,1.0,0.9841,31,1,177,177,538,,,,
FOXNEWS,qwen38_27b,screenshot,5,middle,54920,19468,35.4479,0.9688,1.0,0.9841,31,1,177,177,538,,,,
FOXNEWS,qwen38_27b,screenshot,5,last,54920,19468,35.4479,0.9688,1.0,0.9841,31,1,177,177,538,,,,
FOXNEWS,qwen38_27b,combined,3,first,54920,23430,42.6621,0.8239,0.9676,0.8899,145,31,507,524,1087,,,,
FOXNEWS,qwen38_27b,combined,3,middle,54920,23430,42.6621,0.8418,0.9962,0.9125,149,28,522,524,1087,,,,
FOXNEWS,qwen38_27b,combined,3,last,54920,23430,42.6621,0.8466,0.9905,0.9129,149,27,519,524,1087,,,,
FOXNEWS,qwen38_27b,combined,4,first,54920,21082,38.3867,0.828,0.9618,0.8899,130,27,504,524,1087,,,,
FOXNEWS,qwen38_27b,combined,4,middle,54920,21082,38.3867,0.8438,0.9943,0.9128,135,25,521,524,1087,,,,
FOXNEWS,qwen38_27b,combined,4,last,54920,21082,38.3867,0.8385,0.9885,0.9074,135,26,518,524,1087,,,,
FOXNEWS,qwen38_27b,combined,5,first,54920,19468,35.4479,0.8194,0.9599,0.8841,118,26,503,524,1087,,,,
FOXNEWS,qwen38_27b,combined,5,middle,54920,19468,35.4479,0.8276,0.9771,0.8961,120,25,512,524,1087,,,,
FOXNEWS,qwen38_27b,combined,5,last,54920,19468,35.4479,0.8288,0.9752,0.896,121,25,511,524,1087,,,,
MSNBC,gemma_4_31b,logo,3,first,43580,16614,38.123,0.906,0.8902,0.898,135,14,389,437,562,,,,
MSNBC,gemma_4_31b,logo,3,middle,43580,16614,38.123,0.9116,0.9108,0.9112,134,13,398,437,562,,,,
MSNBC,gemma_4_31b,logo,3,last,43580,16614,38.123,0.9122,0.9016,0.9069,135,13,394,437,562,,,,
MSNBC,gemma_4_31b,logo,4,first,43580,14997,34.4126,0.8824,0.8719,0.8771,105,14,381,437,562,,,,
MSNBC,gemma_4_31b,logo,4,middle,43580,14997,34.4126,0.8898,0.9108,0.9002,105,13,398,437,562,,,,
MSNBC,gemma_4_31b,logo,4,last,43580,14997,34.4126,0.8898,0.8833,0.8866,105,13,386,437,562,,,,
MSNBC,gemma_4_31b,logo,5,first,43580,13868,31.8219,0.866,0.8719,0.8689,84,13,381,437,562,,,,
MSNBC,gemma_4_31b,logo,5,middle,43580,13868,31.8219,0.866,0.9108,0.8878,84,13,398,437,562,,,,
MSNBC,gemma_4_31b,logo,5,last,43580,13868,31.8219,0.866,0.8833,0.8746,84,13,386,437,562,,,,
MSNBC,gemma_4_31b,screenshot,3,first,43580,16614,38.123,0.8991,0.9787,0.9372,98,11,276,282,312,,,,
MSNBC,gemma_4_31b,screenshot,3,middle,43580,16614,38.123,0.9143,0.9716,0.9421,96,9,274,282,312,,,,
MSNBC,gemma_4_31b,screenshot,3,last,43580,16614,38.123,0.9065,0.9929,0.9478,97,10,280,282,312,,,,
MSNBC,gemma_4_31b,screenshot,4,first,43580,14997,34.4126,0.8721,0.9787,0.9223,75,11,276,282,312,,,,
MSNBC,gemma_4_31b,screenshot,4,middle,43580,14997,34.4126,0.9012,0.9716,0.9351,73,8,274,282,312,,,,
MSNBC,gemma_4_31b,screenshot,4,last,43580,14997,34.4126,0.9024,0.9929,0.9455,74,8,280,282,312,,,,
MSNBC,gemma_4_31b,screenshot,5,first,43580,13868,31.8219,0.8615,0.9787,0.9164,56,9,276,282,312,,,,
MSNBC,gemma_4_31b,screenshot,5,middle,43580,13868,31.8219,0.9,0.9716,0.9344,54,6,274,282,312,,,,
MSNBC,gemma_4_31b,screenshot,5,last,43580,13868,31.8219,0.9016,0.9929,0.9451,55,6,280,282,312,,,,
MSNBC,gemma_4_31b,combined,3,first,43580,16614,38.123,0.8766,0.8902,0.8833,135,19,389,437,562,,,,
MSNBC,gemma_4_31b,combined,3,middle,43580,16614,38.123,0.8874,0.9108,0.8989,134,17,398,437,562,,,,
MSNBC,gemma_4_31b,combined,3,last,43580,16614,38.123,0.8882,0.9016,0.8948,135,17,394,437,562,,,,
MSNBC,gemma_4_31b,combined,4,first,43580,14997,34.4126,0.8468,0.8719,0.8591,105,19,381,437,562,,,,
MSNBC,gemma_4_31b,combined,4,middle,43580,14997,34.4126,0.8678,0.9108,0.8887,105,16,398,437,562,,,,
MSNBC,gemma_4_31b,combined,4,last,43580,14997,34.4126,0.8678,0.8833,0.8755,105,16,386,437,562,,,,
MSNBC,gemma_4_31b,combined,5,first,43580,13868,31.8219,0.8235,0.8719,0.847,84,18,381,437,562,,,,
MSNBC,gemma_4_31b,combined,5,middle,43580,13868,31.8219,0.84,0.9108,0.8739,84,16,398,437,562,,,,
MSNBC,gemma_4_31b,combined,5,last,43580,13868,31.8219,0.84,0.8833,0.8611,84,16,386,437,562,,,,
MSNBC,qwen38_27b,logo,3,first,43580,16614,38.123,0.9014,0.9324,0.9167,128,14,345,370,562,,,,
MSNBC,qwen38_27b,logo,3,middle,43580,16614,38.123,0.9091,0.9838,0.945,130,13,364,370,562,,,,
MSNBC,qwen38_27b,logo,3,last,43580,16614,38.123,0.9097,0.9595,0.9339,131,13,355,370,562,,,,
MSNBC,qwen38_27b,logo,4,first,43580,14997,34.4126,0.8761,0.9324,0.9034,99,14,345,370,562,,,,
MSNBC,qwen38_27b,logo,4,middle,43580,14997,34.4126,0.886,0.9838,0.9323,101,13,364,370,562,,,,
MSNBC,qwen38_27b,logo,4,last,43580,14997,34.4126,0.886,0.9378,0.9112,101,13,347,370,562,,,,
MSNBC,qwen38_27b,logo,5,first,43580,13868,31.8219,0.8478,0.9324,0.8881,78,14,345,370,562,,,,
MSNBC,qwen38_27b,logo,5,middle,43580,13868,31.8219,0.8602,0.9838,0.9179,80,13,364,370,562,,,,
MSNBC,qwen38_27b,logo,5,last,43580,13868,31.8219,0.8602,0.9378,0.8974,80,13,347,370,562,,,,
MSNBC,qwen38_27b,screenshot,3,first,43580,16614,38.123,1.0,0.9961,0.998,93,0,253,254,312,,,,
MSNBC,qwen38_27b,screenshot,3,middle,43580,16614,38.123,1.0,0.9961,0.998,93,0,253,254,312,,,,
MSNBC,qwen38_27b,screenshot,3,last,43580,16614,38.123,1.0,1.0,1.0,94,0,254,254,312,,,,
MSNBC,qwen38_27b,screenshot,4,first,43580,14997,34.4126,1.0,0.9961,0.998,70,0,253,254,312,,,,
MSNBC,qwen38_27b,screenshot,4,middle,43580,14997,34.4126,1.0,0.9961,0.998,70,0,253,254,312,,,,
MSNBC,qwen38_27b,screenshot,4,last,43580,14997,34.4126,1.0,1.0,1.0,71,0,254,254,312,,,,
MSNBC,qwen38_27b,screenshot,5,first,43580,13868,31.8219,1.0,0.9961,0.998,51,0,253,254,312,,,,
MSNBC,qwen38_27b,screenshot,5,middle,43580,13868,31.8219,1.0,0.9961,0.998,51,0,253,254,312,,,,
MSNBC,qwen38_27b,screenshot,5,last,43580,13868,31.8219,1.0,1.0,1.0,52,0,254,254,312,,,,
MSNBC,qwen38_27b,combined,3,first,43580,16614,38.123,0.9014,0.9324,0.9167,128,14,345,370,562,,,,
MSNBC,qwen38_27b,combined,3,middle,43580,16614,38.123,0.9091,0.9838,0.945,130,13,364,370,562,,,,
MSNBC,qwen38_27b,combined,3,last,43580,16614,38.123,0.9097,0.9595,0.9339,131,13,355,370,562,,,,
MSNBC,qwen38_27b,combined,4,first,43580,14997,34.4126,0.8761,0.9324,0.9034,99,14,345,370,562,,,,
MSNBC,qwen38_27b,combined,4,middle,43580,14997,34.4126,0.886,0.9838,0.9323,101,13,364,370,562,,,,
MSNBC,qwen38_27b,combined,4,last,43580,14997,34.4126,0.886,0.9378,0.9112,101,13,347,370,562,,,,
MSNBC,qwen38_27b,combined,5,first,43580,13868,31.8219,0.8478,0.9324,0.8881,78,14,345,370,562,,,,
MSNBC,qwen38_27b,combined,5,middle,43580,13868,31.8219,0.8602,0.9838,0.9179,80,13,364,370,562,,,,
MSNBC,qwen38_27b,combined,5,last,43580,13868,31.8219,0.8602,0.9378,0.8974,80,13,347,370,562,,,,
